[
    {
        "date": "2017-04",
        "stop-and-search": [
            "bedfordshire",
            "btp",
            "cambridgeshire",
            "cheshire",
            "cleveland",
            "cumbria",
            "dorset",
            "durham",
            "dyfed-powys",
            "essex",
            "gloucestershire",
            "greater-manchester",
            "gwent",
            "hampshire",
            "hertfordshire",
            "kent",
            "lancashire",
            "leicestershire",
            "merseyside",
            "metropolitan",
            "norfolk",
            "northamptonshire",
            "northumbria",
            "north-wales",
            "north-yorkshire",
            "nottinghamshire",
            "south-wales",
            "south-yorkshire",
            "staffordshire",
            "suffolk",
            "surrey",
            "thames-valley",
            "warwickshire",
            "west-mercia",
            "west-midlands",
            "west-yorkshire"
        ]
    },
    {
        "date": "2017-03",
        "stop-and-search": [
            "avon-and-somerset",
            "bedfordshire",
            "btp",
            "cambridgeshire",
            "cheshire",
            "cleveland",
            "cumbria",
            "devon-and-cornwall",
            "dorset",
            "durham",
            "dyfed-powys",
            "essex",
            "gloucestershire",
            "greater-manchester",
            "gwent",
            "hampshire",
            "hertfordshire",
            "kent",
            "lancashire",
            "leicestershire",
            "merseyside",
            "metropolitan",
            "norfolk",
            "northamptonshire",
            "northumbria",
            "north-wales",
            "north-yorkshire",
            "nottinghamshire",
            "south-wales",
            "south-yorkshire",
            "staffordshire",
            "suffolk",
            "surrey",
            "thames-valley",
            "warwickshire",
            "west-mercia",
            "west-midlands",
            "west-yorkshire",
            "wiltshire"
        ]
    },
    {
        "date": "2017-02",
        "stop-and-search": [
            "avon-and-somerset",
            "bedfordshire",
            "btp",
            "cambridgeshire",
            "cheshire",
            "city-of-london",
            "cleveland",
            "cumbria",
            "devon-and-cornwall",
            "dorset",
            "durham",
            "dyfed-powys",
            "essex",
            "gloucestershire",
            "greater-manchester",
            "gwent",
            "hampshire",
            "hertfordshire",
            "kent",
            "lancashire",
            "leicestershire",
            "merseyside",
            "metropolitan",
            "norfolk",
            "northamptonshire",
            "northumbria",
            "north-wales",
            "north-yorkshire",
            "nottinghamshire",
            "south-wales",
            "south-yorkshire",
            "staffordshire",
            "suffolk",
            "surrey",
            "thames-valley",
            "warwickshire",
            "west-mercia",
            "west-midlands",
            "west-yorkshire",
            "wiltshire"
        ]
    },
    {
        "date": "2017-01",
        "stop-and-search": [
            "avon-and-somerset",
            "bedfordshire",
            "btp",
            "cambridgeshire",
            "cheshire",
            "city-of-london",
            "cleveland",
            "cumbria",
            "devon-and-cornwall",
            "dorset",
            "durham",
            "dyfed-powys",
            "essex",
            "gloucestershire",
            "greater-manchester",
            "gwent",
            "hampshire",
            "hertfordshire",
            "kent",
            "lancashire",
            "leicestershire",
            "lincolnshire",
            "merseyside",
            "metropolitan",
            "norfolk",
            "northamptonshire",
            "northumbria",
            "north-wales",
            "north-yorkshire",
            "nottinghamshire",
            "south-wales",
            "south-yorkshire",
            "staffordshire",
            "suffolk",
            "surrey",
            "thames-valley",
            "warwickshire",
            "west-mercia",
            "west-midlands",
            "west-yorkshire",
            "wiltshire"
        ]
    },
    {
        "date": "2016-12",
        "stop-and-search": [
            "avon-and-somerset",
            "bedfordshire",
            "btp",
            "cambridgeshire",
            "cheshire",
            "city-of-london",
            "cleveland",
            "cumbria",
            "devon-and-cornwall",
            "dorset",
            "durham",
            "dyfed-powys",
            "essex",
            "gloucestershire",
            "greater-manchester",
            "gwent",
            "hampshire",
            "hertfordshire",
            "kent",
            "lancashire",
            "leicestershire",
            "lincolnshire",
            "merseyside",
            "metropolitan",
            "norfolk",
            "northamptonshire",
            "northumbria",
            "north-wales",
            "north-yorkshire",
            "nottinghamshire",
            "south-wales",
            "south-yorkshire",
            "staffordshire",
            "suffolk",
            "surrey",
            "sussex",
            "thames-valley",
            "warwickshire",
            "west-mercia",
            "west-midlands",
            "west-yorkshire",
            "wiltshire"
        ]
    },
    {
        "date": "2016-11",
        "stop-and-search": [
            "avon-and-somerset",
            "bedfordshire",
            "btp",
            "cambridgeshire",
            "cheshire",
            "city-of-london",
            "cleveland",
            "cumbria",
            "derbyshire",
            "devon-and-cornwall",
            "dorset",
            "durham",
            "dyfed-powys",
            "essex",
            "gloucestershire",
            "greater-manchester",
            "gwent",
            "hampshire",
            "hertfordshire",
            "kent",
            "lancashire",
            "leicestershire",
            "lincolnshire",
            "merseyside",
            "metropolitan",
            "norfolk",
            "northamptonshire",
            "northumbria",
            "north-wales",
            "north-yorkshire",
            "nottinghamshire",
            "south-wales",
            "south-yorkshire",
            "staffordshire",
            "suffolk",
            "surrey",
            "sussex",
            "thames-valley",
            "warwickshire",
            "west-mercia",
            "west-midlands",
            "west-yorkshire",
            "wiltshire"
        ]
    },
    {
        "date": "2016-10",
        "stop-and-search": [
            "avon-and-somerset",
            "bedfordshire",
            "btp",
            "cambridgeshire",
            "cheshire",
            "city-of-london",
            "cleveland",
            "cumbria",
            "derbyshire",
            "devon-and-cornwall",
            "dorset",
            "durham",
            "dyfed-powys",
            "essex",
            "gloucestershire",
            "greater-manchester",
            "gwent",
            "hampshire",
            "hertfordshire",
            "kent",
            "lancashire",
            "leicestershire",
            "lincolnshire",
            "merseyside",
            "metropolitan",
            "norfolk",
            "northamptonshire",
            "northumbria",
            "north-wales",
            "north-yorkshire",
            "nottinghamshire",
            "south-wales",
            "south-yorkshire",
            "staffordshire",
            "suffolk",
            "surrey",
            "sussex",
            "thames-valley",
            "warwickshire",
            "west-mercia",
            "west-midlands",
            "west-yorkshire",
            "wiltshire"
        ]
    },
    {
        "date": "2016-09",
        "stop-and-search": [
            "avon-and-somerset",
            "bedfordshire",
            "btp",
            "cambridgeshire",
            "cheshire",
            "city-of-london",
            "cleveland",
            "cumbria",
            "derbyshire",
            "devon-and-cornwall",
            "dorset",
            "durham",
            "dyfed-powys",
            "essex",
            "gloucestershire",
            "greater-manchester",
            "gwent",
            "hampshire",
            "hertfordshire",
            "humberside",
            "kent",
            "lancashire",
            "leicestershire",
            "lincolnshire",
            "merseyside",
            "metropolitan",
            "norfolk",
            "northamptonshire",
            "northumbria",
            "north-wales",
            "north-yorkshire",
            "nottinghamshire",
            "south-wales",
            "south-yorkshire",
            "staffordshire",
            "suffolk",
            "surrey",
            "sussex",
            "thames-valley",
            "warwickshire",
            "west-mercia",
            "west-midlands",
            "west-yorkshire",
            "wiltshire"
        ]
    },
    {
        "date": "2016-08",
        "stop-and-search": [
            "avon-and-somerset",
            "bedfordshire",
            "btp",
            "cambridgeshire",
            "cheshire",
            "city-of-london",
            "cleveland",
            "cumbria",
            "derbyshire",
            "devon-and-cornwall",
            "dorset",
            "durham",
            "dyfed-powys",
            "essex",
            "gloucestershire",
            "greater-manchester",
            "gwent",
            "hampshire",
            "hertfordshire",
            "humberside",
            "kent",
            "lancashire",
            "leicestershire",
            "lincolnshire",
            "merseyside",
            "metropolitan",
            "norfolk",
            "northamptonshire",
            "northumbria",
            "north-wales",
            "north-yorkshire",
            "nottinghamshire",
            "south-wales",
            "south-yorkshire",
            "staffordshire",
            "suffolk",
            "surrey",
            "sussex",
            "thames-valley",
            "warwickshire",
            "west-mercia",
            "west-midlands",
            "west-yorkshire",
            "wiltshire"
        ]
    },
    {
        "date": "2016-07",
        "stop-and-search": [
            "avon-and-somerset",
            "bedfordshire",
            "btp",
            "cambridgeshire",
            "cheshire",
            "city-of-london",
            "cleveland",
            "cumbria",
            "derbyshire",
            "devon-and-cornwall",
            "dorset",
            "durham",
            "dyfed-powys",
            "essex",
            "gloucestershire",
            "greater-manchester",
            "hampshire",
            "hertfordshire",
            "humberside",
            "kent",
            "lancashire",
            "leicestershire",
            "lincolnshire",
            "merseyside",
            "metropolitan",
            "norfolk",
            "northamptonshire",
            "northumbria",
            "north-wales",
            "north-yorkshire",
            "nottinghamshire",
            "south-wales",
            "south-yorkshire",
            "staffordshire",
            "suffolk",
            "surrey",
            "sussex",
            "thames-valley",
            "warwickshire",
            "west-mercia",
            "west-midlands",
            "west-yorkshire",
            "wiltshire"
        ]
    },
    {
        "date": "2016-06",
        "stop-and-search": [
            "avon-and-somerset",
            "bedfordshire",
            "btp",
            "cambridgeshire",
            "cheshire",
            "city-of-london",
            "cleveland",
            "cumbria",
            "derbyshire",
            "devon-and-cornwall",
            "dorset",
            "durham",
            "dyfed-powys",
            "essex",
            "gloucestershire",
            "greater-manchester",
            "hampshire",
            "hertfordshire",
            "humberside",
            "kent",
            "lancashire",
            "leicestershire",
            "lincolnshire",
            "merseyside",
            "metropolitan",
            "norfolk",
            "northamptonshire",
            "northumbria",
            "north-wales",
            "north-yorkshire",
            "nottinghamshire",
            "south-wales",
            "south-yorkshire",
            "staffordshire",
            "suffolk",
            "surrey",
            "sussex",
            "thames-valley",
            "warwickshire",
            "west-mercia",
            "west-midlands",
            "west-yorkshire",
            "wiltshire"
        ]
    },
    {
        "date": "2016-05",
        "stop-and-search": [
            "avon-and-somerset",
            "bedfordshire",
            "btp",
            "cambridgeshire",
            "cheshire",
            "city-of-london",
            "cleveland",
            "cumbria",
            "derbyshire",
            "devon-and-cornwall",
            "dorset",
            "durham",
            "dyfed-powys",
            "essex",
            "gloucestershire",
            "greater-manchester",
            "hampshire",
            "hertfordshire",
            "humberside",
            "kent",
            "lancashire",
            "leicestershire",
            "lincolnshire",
            "merseyside",
            "metropolitan",
            "norfolk",
            "northamptonshire",
            "northumbria",
            "north-wales",
            "north-yorkshire",
            "nottinghamshire",
            "south-wales",
            "south-yorkshire",
            "staffordshire",
            "suffolk",
            "surrey",
            "sussex",
            "thames-valley",
            "warwickshire",
            "west-mercia",
            "west-midlands",
            "west-yorkshire",
            "wiltshire"
        ]
    },
    {
        "date": "2016-04",
        "stop-and-search": [
            "avon-and-somerset",
            "bedfordshire",
            "btp",
            "cambridgeshire",
            "cheshire",
            "city-of-london",
            "cleveland",
            "cumbria",
            "derbyshire",
            "devon-and-cornwall",
            "dorset",
            "durham",
            "dyfed-powys",
            "essex",
            "gloucestershire",
            "greater-manchester",
            "hampshire",
            "hertfordshire",
            "humberside",
            "kent",
            "lancashire",
            "leicestershire",
            "lincolnshire",
            "merseyside",
            "metropolitan",
            "norfolk",
            "northamptonshire",
            "northumbria",
            "north-wales",
            "north-yorkshire",
            "nottinghamshire",
            "south-wales",
            "south-yorkshire",
            "staffordshire",
            "suffolk",
            "surrey",
            "sussex",
            "thames-valley",
            "warwickshire",
            "west-mercia",
            "west-midlands",
            "west-yorkshire",
            "wiltshire"
        ]
    },
    {
        "date": "2016-03",
        "stop-and-search": [
            "avon-and-somerset",
            "bedfordshire",
            "btp",
            "cambridgeshire",
            "cheshire",
            "city-of-london",
            "cleveland",
            "cumbria",
            "derbyshire",
            "devon-and-cornwall",
            "dorset",
            "durham",
            "dyfed-powys",
            "essex",
            "gloucestershire",
            "greater-manchester",
            "gwent",
            "hampshire",
            "hertfordshire",
            "humberside",
            "kent",
            "lancashire",
            "leicestershire",
            "lincolnshire",
            "merseyside",
            "metropolitan",
            "norfolk",
            "northamptonshire",
            "northumbria",
            "north-wales",
            "north-yorkshire",
            "nottinghamshire",
            "south-wales",
            "south-yorkshire",
            "staffordshire",
            "suffolk",
            "surrey",
            "sussex",
            "thames-valley",
            "warwickshire",
            "west-mercia",
            "west-midlands",
            "west-yorkshire",
            "wiltshire"
        ]
    },
    {
        "date": "2016-02",
        "stop-and-search": [
            "avon-and-somerset",
            "bedfordshire",
            "btp",
            "cambridgeshire",
            "cheshire",
            "city-of-london",
            "cleveland",
            "cumbria",
            "derbyshire",
            "devon-and-cornwall",
            "dorset",
            "durham",
            "dyfed-powys",
            "essex",
            "gloucestershire",
            "greater-manchester",
            "gwent",
            "hampshire",
            "hertfordshire",
            "humberside",
            "kent",
            "lancashire",
            "leicestershire",
            "lincolnshire",
            "merseyside",
            "metropolitan",
            "norfolk",
            "northamptonshire",
            "northumbria",
            "north-wales",
            "north-yorkshire",
            "nottinghamshire",
            "south-wales",
            "south-yorkshire",
            "staffordshire",
            "suffolk",
            "surrey",
            "sussex",
            "thames-valley",
            "warwickshire",
            "west-mercia",
            "west-midlands",
            "west-yorkshire",
            "wiltshire"
        ]
    },
    {
        "date": "2016-01",
        "stop-and-search": [
            "avon-and-somerset",
            "bedfordshire",
            "btp",
            "cambridgeshire",
            "cheshire",
            "city-of-london",
            "cleveland",
            "cumbria",
            "derbyshire",
            "devon-and-cornwall",
            "dorset",
            "durham",
            "dyfed-powys",
            "essex",
            "gloucestershire",
            "greater-manchester",
            "gwent",
            "hampshire",
            "hertfordshire",
            "humberside",
            "kent",
            "lancashire",
            "leicestershire",
            "lincolnshire",
            "merseyside",
            "metropolitan",
            "norfolk",
            "northamptonshire",
            "northumbria",
            "north-wales",
            "north-yorkshire",
            "nottinghamshire",
            "south-wales",
            "south-yorkshire",
            "staffordshire",
            "suffolk",
            "surrey",
            "sussex",
            "thames-valley",
            "warwickshire",
            "west-mercia",
            "west-midlands",
            "west-yorkshire",
            "wiltshire"
        ]
    },
    {
        "date": "2015-12",
        "stop-and-search": [
            "avon-and-somerset",
            "bedfordshire",
            "btp",
            "cambridgeshire",
            "cheshire",
            "city-of-london",
            "cleveland",
            "cumbria",
            "derbyshire",
            "devon-and-cornwall",
            "dorset",
            "durham",
            "dyfed-powys",
            "essex",
            "gloucestershire",
            "greater-manchester",
            "gwent",
            "hampshire",
            "hertfordshire",
            "humberside",
            "kent",
            "lancashire",
            "leicestershire",
            "lincolnshire",
            "merseyside",
            "metropolitan",
            "norfolk",
            "northamptonshire",
            "northumbria",
            "north-wales",
            "north-yorkshire",
            "nottinghamshire",
            "south-wales",
            "south-yorkshire",
            "staffordshire",
            "suffolk",
            "surrey",
            "sussex",
            "thames-valley",
            "warwickshire",
            "west-mercia",
            "west-midlands",
            "west-yorkshire",
            "wiltshire"
        ]
    },
    {
        "date": "2015-11",
        "stop-and-search": [
            "avon-and-somerset",
            "bedfordshire",
            "btp",
            "cambridgeshire",
            "cheshire",
            "city-of-london",
            "cleveland",
            "cumbria",
            "derbyshire",
            "devon-and-cornwall",
            "dorset",
            "durham",
            "dyfed-powys",
            "essex",
            "gloucestershire",
            "greater-manchester",
            "gwent",
            "hampshire",
            "hertfordshire",
            "humberside",
            "kent",
            "lancashire",
            "leicestershire",
            "lincolnshire",
            "merseyside",
            "metropolitan",
            "norfolk",
            "northamptonshire",
            "northumbria",
            "north-wales",
            "north-yorkshire",
            "nottinghamshire",
            "south-wales",
            "south-yorkshire",
            "staffordshire",
            "suffolk",
            "surrey",
            "sussex",
            "thames-valley",
            "warwickshire",
            "west-mercia",
            "west-midlands",
            "west-yorkshire",
            "wiltshire"
        ]
    },
    {
        "date": "2015-10",
        "stop-and-search": [
            "avon-and-somerset",
            "bedfordshire",
            "btp",
            "cambridgeshire",
            "cheshire",
            "city-of-london",
            "cleveland",
            "cumbria",
            "derbyshire",
            "devon-and-cornwall",
            "dorset",
            "durham",
            "dyfed-powys",
            "essex",
            "gloucestershire",
            "greater-manchester",
            "gwent",
            "hampshire",
            "hertfordshire",
            "humberside",
            "kent",
            "lancashire",
            "leicestershire",
            "lincolnshire",
            "merseyside",
            "metropolitan",
            "norfolk",
            "northamptonshire",
            "northumbria",
            "north-wales",
            "north-yorkshire",
            "nottinghamshire",
            "south-wales",
            "south-yorkshire",
            "staffordshire",
            "suffolk",
            "surrey",
            "sussex",
            "thames-valley",
            "warwickshire",
            "west-mercia",
            "west-midlands",
            "west-yorkshire",
            "wiltshire"
        ]
    },
    {
        "date": "2015-09",
        "stop-and-search": [
            "bedfordshire",
            "btp",
            "cambridgeshire",
            "cheshire",
            "city-of-london",
            "cleveland",
            "cumbria",
            "derbyshire",
            "devon-and-cornwall",
            "dorset",
            "durham",
            "dyfed-powys",
            "essex",
            "gloucestershire",
            "greater-manchester",
            "gwent",
            "hampshire",
            "hertfordshire",
            "humberside",
            "kent",
            "lancashire",
            "leicestershire",
            "lincolnshire",
            "merseyside",
            "metropolitan",
            "norfolk",
            "northamptonshire",
            "northumbria",
            "north-wales",
            "north-yorkshire",
            "nottinghamshire",
            "south-wales",
            "south-yorkshire",
            "staffordshire",
            "suffolk",
            "surrey",
            "sussex",
            "thames-valley",
            "warwickshire",
            "west-mercia",
            "west-midlands",
            "west-yorkshire",
            "wiltshire"
        ]
    },
    {
        "date": "2015-08",
        "stop-and-search": [
            "bedfordshire",
            "btp",
            "cambridgeshire",
            "cheshire",
            "city-of-london",
            "cleveland",
            "cumbria",
            "derbyshire",
            "devon-and-cornwall",
            "dorset",
            "durham",
            "dyfed-powys",
            "essex",
            "gloucestershire",
            "greater-manchester",
            "gwent",
            "hampshire",
            "hertfordshire",
            "humberside",
            "kent",
            "lancashire",
            "leicestershire",
            "lincolnshire",
            "merseyside",
            "metropolitan",
            "norfolk",
            "northamptonshire",
            "northumbria",
            "north-wales",
            "north-yorkshire",
            "nottinghamshire",
            "south-wales",
            "south-yorkshire",
            "staffordshire",
            "suffolk",
            "surrey",
            "sussex",
            "thames-valley",
            "warwickshire",
            "west-mercia",
            "west-midlands",
            "west-yorkshire",
            "wiltshire"
        ]
    },
    {
        "date": "2015-07",
        "stop-and-search": [
            "avon-and-somerset",
            "bedfordshire",
            "btp",
            "cheshire",
            "city-of-london",
            "cleveland",
            "derbyshire",
            "devon-and-cornwall",
            "dorset",
            "durham",
            "dyfed-powys",
            "essex",
            "gloucestershire",
            "greater-manchester",
            "gwent",
            "hampshire",
            "hertfordshire",
            "humberside",
            "kent",
            "lancashire",
            "leicestershire",
            "lincolnshire",
            "metropolitan",
            "norfolk",
            "northamptonshire",
            "northumbria",
            "north-wales",
            "north-yorkshire",
            "nottinghamshire",
            "south-wales",
            "south-yorkshire",
            "staffordshire",
            "suffolk",
            "surrey",
            "sussex",
            "thames-valley",
            "warwickshire",
            "west-mercia",
            "west-midlands",
            "west-yorkshire",
            "wiltshire"
        ]
    },
    {
        "date": "2015-06",
        "stop-and-search": [
            "bedfordshire",
            "btp",
            "cheshire",
            "city-of-london",
            "cleveland",
            "derbyshire",
            "devon-and-cornwall",
            "dorset",
            "durham",
            "dyfed-powys",
            "essex",
            "gloucestershire",
            "greater-manchester",
            "gwent",
            "hampshire",
            "hertfordshire",
            "humberside",
            "kent",
            "lancashire",
            "leicestershire",
            "lincolnshire",
            "merseyside",
            "metropolitan",
            "norfolk",
            "northamptonshire",
            "northumbria",
            "north-wales",
            "north-yorkshire",
            "nottinghamshire",
            "south-wales",
            "south-yorkshire",
            "staffordshire",
            "suffolk",
            "surrey",
            "sussex",
            "thames-valley",
            "warwickshire",
            "west-mercia",
            "west-midlands",
            "west-yorkshire",
            "wiltshire"
        ]
    },
    {
        "date": "2015-05",
        "stop-and-search": [
            "bedfordshire",
            "btp",
            "cheshire",
            "city-of-london",
            "cleveland",
            "derbyshire",
            "devon-and-cornwall",
            "dorset",
            "durham",
            "dyfed-powys",
            "essex",
            "gloucestershire",
            "greater-manchester",
            "gwent",
            "hampshire",
            "hertfordshire",
            "humberside",
            "kent",
            "lancashire",
            "leicestershire",
            "lincolnshire",
            "merseyside",
            "metropolitan",
            "norfolk",
            "northamptonshire",
            "northumbria",
            "north-wales",
            "north-yorkshire",
            "nottinghamshire",
            "south-wales",
            "south-yorkshire",
            "staffordshire",
            "suffolk",
            "surrey",
            "sussex",
            "thames-valley",
            "warwickshire",
            "west-mercia",
            "west-midlands",
            "west-yorkshire",
            "wiltshire"
        ]
    },
    {
        "date": "2015-04",
        "stop-and-search": [
            "avon-and-somerset",
            "bedfordshire",
            "btp",
            "cheshire",
            "city-of-london",
            "cleveland",
            "derbyshire",
            "devon-and-cornwall",
            "dorset",
            "durham",
            "dyfed-powys",
            "essex",
            "gloucestershire",
            "greater-manchester",
            "gwent",
            "hampshire",
            "hertfordshire",
            "humberside",
            "kent",
            "lancashire",
            "leicestershire",
            "lincolnshire",
            "merseyside",
            "metropolitan",
            "norfolk",
            "northamptonshire",
            "northumbria",
            "north-wales",
            "north-yorkshire",
            "nottinghamshire",
            "south-wales",
            "south-yorkshire",
            "staffordshire",
            "suffolk",
            "surrey",
            "sussex",
            "thames-valley",
            "warwickshire",
            "west-mercia",
            "west-midlands",
            "west-yorkshire",
            "wiltshire"
        ]
    },
    {
        "date": "2015-03",
        "stop-and-search": [
            "avon-and-somerset",
            "city-of-london",
            "cleveland",
            "dorset",
            "dyfed-powys",
            "greater-manchester",
            "gwent",
            "hampshire",
            "hertfordshire",
            "humberside",
            "leicestershire",
            "lincolnshire",
            "norfolk",
            "northamptonshire",
            "northumbria",
            "north-wales",
            "north-yorkshire",
            "nottinghamshire",
            "south-yorkshire",
            "staffordshire",
            "suffolk",
            "surrey",
            "sussex",
            "warwickshire",
            "west-mercia",
            "west-midlands",
            "west-yorkshire",
            "wiltshire"
        ]
    },
    {
        "date": "2015-02",
        "stop-and-search": [
            "avon-and-somerset",
            "cleveland",
            "dorset",
            "dyfed-powys",
            "greater-manchester",
            "gwent",
            "hampshire",
            "humberside",
            "leicestershire",
            "lincolnshire",
            "norfolk",
            "northamptonshire",
            "north-wales",
            "north-yorkshire",
            "nottinghamshire",
            "staffordshire",
            "suffolk",
            "surrey",
            "warwickshire",
            "west-mercia",
            "west-midlands",
            "west-yorkshire",
            "wiltshire"
        ]
    },
    {
        "date": "2015-01",
        "stop-and-search": [
            "avon-and-somerset",
            "cleveland",
            "dorset",
            "dyfed-powys",
            "greater-manchester",
            "gwent",
            "hampshire",
            "humberside",
            "leicestershire",
            "lincolnshire",
            "norfolk",
            "north-wales",
            "north-yorkshire",
            "nottinghamshire",
            "staffordshire",
            "suffolk",
            "surrey",
            "warwickshire",
            "west-mercia",
            "west-midlands",
            "west-yorkshire",
            "wiltshire"
        ]
    },
    {
        "date": "2014-12",
        "stop-and-search": [
            "avon-and-somerset",
            "cleveland",
            "dorset",
            "gwent",
            "hampshire",
            "humberside",
            "leicestershire",
            "north-wales",
            "north-yorkshire",
            "nottinghamshire",
            "surrey",
            "warwickshire",
            "west-mercia",
            "west-midlands",
            "west-yorkshire"
        ]
    },
    { "date": "2014-11", "stop-and-search": ["gwent", "hampshire"] },
    { "date": "2014-10", "stop-and-search": ["gwent", "hampshire"] },
    { "date": "2014-09", "stop-and-search": ["hampshire"] },
    { "date": "2014-08", "stop-and-search": ["hampshire"] },
    { "date": "2014-07", "stop-and-search": ["hampshire"] },
    { "date": "2014-06", "stop-and-search": ["hampshire"] },
    { "date": "2014-05", "stop-and-search": ["hampshire"] },
    { "date": "2014-04", "stop-and-search": ["hampshire"] },
    { "date": "2014-03", "stop-and-search": [] },
    { "date": "2014-02", "stop-and-search": [] },
    { "date": "2014-01", "stop-and-search": [] },
    { "date": "2013-12", "stop-and-search": [] },
    { "date": "2013-11", "stop-and-search": [] },
    { "date": "2013-10", "stop-and-search": [] },
    { "date": "2013-09", "stop-and-search": [] },
    { "date": "2013-08", "stop-and-search": [] },
    { "date": "2013-07", "stop-and-search": [] },
    { "date": "2013-06", "stop-and-search": [] },
    { "date": "2013-05", "stop-and-search": [] },
    { "date": "2013-04", "stop-and-search": [] },
    { "date": "2013-03", "stop-and-search": [] },
    { "date": "2013-02", "stop-and-search": [] },
    { "date": "2013-01", "stop-and-search": [] },
    { "date": "2012-12", "stop-and-search": [] },
    { "date": "2012-11", "stop-and-search": [] },
    { "date": "2012-10", "stop-and-search": [] },
    { "date": "2012-09", "stop-and-search": [] },
    { "date": "2012-08", "stop-and-search": [] },
    { "date": "2012-07", "stop-and-search": [] },
    { "date": "2012-06", "stop-and-search": [] },
    { "date": "2012-05", "stop-and-search": [] },
    { "date": "2012-04", "stop-and-search": [] },
    { "date": "2012-03", "stop-and-search": [] },
    { "date": "2012-02", "stop-and-search": [] },
    { "date": "2012-01", "stop-and-search": [] },
    { "date": "2011-12", "stop-and-search": [] },
    { "date": "2011-11", "stop-and-search": [] },
    { "date": "2011-10", "stop-and-search": [] },
    { "date": "2011-09", "stop-and-search": [] },
    { "date": "2011-08", "stop-and-search": [] },
    { "date": "2011-07", "stop-and-search": [] },
    { "date": "2011-06", "stop-and-search": [] },
    { "date": "2011-05", "stop-and-search": [] },
    { "date": "2011-04", "stop-and-search": [] },
    { "date": "2011-03", "stop-and-search": [] },
    { "date": "2011-02", "stop-and-search": [] },
    { "date": "2011-01", "stop-and-search": [] },
    { "date": "2010-12", "stop-and-search": [] }
]
